"region","country","country_code","age_group","age_lower","age_upper","pop_date","pop_male","pop_female","pop_both"
"Europe","Austria","AUT","'0-4",0,4,2019-01-01,224072,211061,435133
"Europe","Austria","AUT","'5-14",5,14,2019-01-01,433500,410059,843559
"Europe","Austria","AUT","'15-24",15,24,2019-01-01,500178,469589,969767
"Europe","Austria","AUT","'25-34",25,34,2019-01-01,615441,591433,1206874
"Europe","Austria","AUT","'35-44",35,44,2019-01-01,585813,580801,1166614
"Europe","Austria","AUT","'45-54",45,54,2019-01-01,678689,679454,1358143
"Europe","Austria","AUT","'55-64",55,64,2019-01-01,596511,613615,1210126
"Europe","Austria","AUT","'65-74",65,74,2019-01-01,388398,445072,833470
"Europe","Austria","AUT","'75-84",75,84,2019-01-01,261249,347902,609151
"Europe","Austria","AUT","'85+",85,NA,2019-01-01,73182,152756,225938
"Europe","Austria","AUT","'Total",NA,NA,2019-01-01,4357033,4501742,8858775
"Europe","Austria","AUT","'0-4",0,4,2020-01-01,224096,211739,435835
"Europe","Austria","AUT","'5-14",5,14,2020-01-01,435590,411635,847225
"Europe","Austria","AUT","'15-24",15,24,2020-01-01,491758,463867,955625
"Europe","Austria","AUT","'25-34",25,34,2020-01-01,617223,591807,1209030
"Europe","Austria","AUT","'35-44",35,44,2020-01-01,590628,584117,1174745
"Europe","Austria","AUT","'45-54",45,54,2020-01-01,665454,668403,1333857
"Europe","Austria","AUT","'55-64",55,64,2020-01-01,618087,633033,1251120
"Europe","Austria","AUT","'65-74",65,74,2020-01-01,393151,448884,842035
"Europe","Austria","AUT","'75-84",75,84,2020-01-01,268460,356807,625267
"Europe","Austria","AUT","'85+",85,NA,2020-01-01,74325,152000,226325
"Europe","Austria","AUT","'Total",NA,NA,2020-01-01,4378772,4522292,8901064
"Europe","Austria","AUT","'0-4",0,4,2021-01-01,222842,210913,433755
"Europe","Austria","AUT","'5-14",5,14,2021-01-01,438193,413540,851733
"Europe","Austria","AUT","'15-24",15,24,2021-01-01,484733,457249,941982
"Europe","Austria","AUT","'25-34",25,34,2021-01-01,617820,591141,1208961
"Europe","Austria","AUT","'35-44",35,44,2021-01-01,597136,587985,1185121
"Europe","Austria","AUT","'45-54",45,54,2021-01-01,651968,656944,1308912
"Europe","Austria","AUT","'55-64",55,64,2021-01-01,636614,649299,1285913
"Europe","Austria","AUT","'65-74",65,74,2021-01-01,407643,464528,872171
"Europe","Austria","AUT","'75-84",75,84,2021-01-01,265675,354581,620256
"Europe","Austria","AUT","'85+",85,NA,2021-01-01,74328,149532,223860
"Europe","Austria","AUT","'Total",NA,NA,2021-01-01,4396952,4535712,8932664
"Europe","Austria","AUT","'0-4",0,4,2022-01-01,221746,210039,431785
"Europe","Austria","AUT","'5-14",5,14,2022-01-01,442632,417172,859804
"Europe","Austria","AUT","'15-24",15,24,2022-01-01,483264,453512,936776
"Europe","Austria","AUT","'25-34",25,34,2022-01-01,622667,590533,1213200
"Europe","Austria","AUT","'35-44",35,44,2022-01-01,605901,594230,1200131
"Europe","Austria","AUT","'45-54",45,54,2022-01-01,636320,642915,1279235
"Europe","Austria","AUT","'55-64",55,64,2022-01-01,650862,661446,1312308
"Europe","Austria","AUT","'65-74",65,74,2022-01-01,418638,477380,896018
"Europe","Austria","AUT","'75-84",75,84,2022-01-01,268290,358054,626344
"Europe","Austria","AUT","'85+",85,NA,2022-01-01,75165,148163,223328
"Europe","Austria","AUT","'Total",NA,NA,2022-01-01,4425485,4553444,8978929
"Europe","Belgium","BEL","'0-24",0,24,2020-01-01,1653075,1584423,3237498
"Europe","Belgium","BEL","'25-44",25,44,2020-01-01,1486998,1481633,2968631
"Europe","Belgium","BEL","'45-64",45,64,2020-01-01,1546411,1535623,3082034
"Europe","Belgium","BEL","'65-74",65,74,2020-01-01,560071,610328,1170399
"Europe","Belgium","BEL","'75-84",75,84,2020-01-01,301971,396969,698940
"Europe","Belgium","BEL","'85+",85,NA,2020-01-01,111538,223601,335139
"Europe","Belgium","BEL","'Total",NA,NA,2020-01-01,5660064,5832577,11492641
"Europe","Belgium","BEL","'0-24",0,24,2021-01-01,1652210,1582715,3234925
"Europe","Belgium","BEL","'25-44",25,44,2021-01-01,1492247,1487749,2979996
"Europe","Belgium","BEL","'45-64",45,64,2021-01-01,1545221,1531975,3077196
"Europe","Belgium","BEL","'65-74",65,74,2021-01-01,571453,622638,1194091
"Europe","Belgium","BEL","'75-84",75,84,2021-01-01,304861,398246,703107
"Europe","Belgium","BEL","'85+",85,NA,2021-01-01,111219,220704,331923
"Europe","Belgium","BEL","'Total",NA,NA,2021-01-01,5677211,5844027,11521238
"Europe","Belgium","BEL","'0-24",0,24,2022-01-01,1657979,1588012,3245991
"Europe","Belgium","BEL","'25-44",25,44,2022-01-01,1498981,1495556,2994537
"Europe","Belgium","BEL","'45-64",45,64,2022-01-01,1544339,1529825,3074164
"Europe","Belgium","BEL","'65-74",65,74,2022-01-01,576438,627824,1204262
"Europe","Belgium","BEL","'75-84",75,84,2022-01-01,316841,409306,726147
"Europe","Belgium","BEL","'85+",85,NA,2022-01-01,114324,224583,338907
"Europe","Belgium","BEL","'Total",NA,NA,2022-01-01,5708902,5875106,11584008
"Americas","Canada","CAN","'0-19",0,19,2020-07-01,4160129,3979029,8139158
"Americas","Canada","CAN","'20-29",20,29,2020-07-01,2659126,2465183,5124309
"Americas","Canada","CAN","'30-39",30,39,2020-07-01,2666426,2623649,5290075
"Americas","Canada","CAN","'40-49",40,49,2020-07-01,2404618,2448771,4853389
"Americas","Canada","CAN","'50-59",50,59,2020-07-01,2583100,2612520,5195620
"Americas","Canada","CAN","'60-69",60,69,2020-07-01,2310603,2416827,4727430
"Americas","Canada","CAN","'70-79",70,79,2020-07-01,1425541,1581926,3007467
"Americas","Canada","CAN","'80+",80,NA,2020-07-01,676233,993485,1669718
"Americas","Canada","CAN","'Total",NA,NA,2020-07-01,18885776,19121390,38007166
"Americas","Canada","CAN","'0-19",0,19,2021-07-01,4128697,3950100,8078797
"Americas","Canada","CAN","'20-29",20,29,2021-07-01,2643517,2442804,5086321
"Americas","Canada","CAN","'30-39",30,39,2021-07-01,2707173,2649307,5356480
"Americas","Canada","CAN","'40-49",40,49,2021-07-01,2423245,2466290,4889535
"Americas","Canada","CAN","'50-59",50,59,2021-07-01,2547836,2579994,5127830
"Americas","Canada","CAN","'60-69",60,69,2021-07-01,2364707,2473949,4838656
"Americas","Canada","CAN","'70-79",70,79,2021-07-01,1486019,1648208,3134227
"Americas","Canada","CAN","'80+",80,NA,2021-07-01,698190,1016462,1714652
"Americas","Canada","CAN","'Total",NA,NA,2021-07-01,18999384,19227114,38226498
"Americas","Canada","CAN","'0-19",0,19,2022-07-01,4189069,4006722,8195791
"Americas","Canada","CAN","'20-29",20,29,2022-07-01,2717085,2506981,5224066
"Americas","Canada","CAN","'30-39",30,39,2022-07-01,2787712,2714268,5501980
"Americas","Canada","CAN","'40-49",40,49,2022-07-01,2469012,2510370,4979382
"Americas","Canada","CAN","'50-59",50,59,2022-07-01,2510786,2548022,5058808
"Americas","Canada","CAN","'60-69",60,69,2022-07-01,2417910,2530096,4948006
"Americas","Canada","CAN","'70-79",70,79,2022-07-01,1544855,1716689,3261544
"Americas","Canada","CAN","'80+",80,NA,2022-07-01,721324,1039001,1760325
"Americas","Canada","CAN","'Total",NA,NA,2022-07-01,19357753,19572149,38929902
"Europe","Denmark","DNK","'0-9",0,9,2020-01-01,315413,299076,614489
"Europe","Denmark","DNK","'10-19",10,19,2020-01-01,349387,332524,681911
"Europe","Denmark","DNK","'20-29",20,29,2020-01-01,399362,383339,782701
"Europe","Denmark","DNK","'30-39",30,39,2020-01-01,348812,337996,686808
"Europe","Denmark","DNK","'40-49",40,49,2020-01-01,378630,377418,756048
"Europe","Denmark","DNK","'50-59",50,59,2020-01-01,402352,398092,800444
"Europe","Denmark","DNK","'60-69",60,69,2020-01-01,326395,337251,663646
"Europe","Denmark","DNK","'70-79",70,79,2020-01-01,268076,296314,564390
"Europe","Denmark","DNK","'80-89",80,89,2020-01-01,95518,131780,227298
"Europe","Denmark","DNK","'90+",90,NA,2020-01-01,12973,32055,45028
"Europe","Denmark","DNK","'Total",NA,NA,2020-01-01,2896918,2925845,5822763
"Europe","Denmark","DNK","'0-9",0,9,2021-01-01,313103,297107,610210
"Europe","Denmark","DNK","'10-19",10,19,2021-01-01,348549,331491,680040
"Europe","Denmark","DNK","'20-29",20,29,2021-01-01,397273,381467,778740
"Europe","Denmark","DNK","'30-39",30,39,2021-01-01,354174,342505,696679
"Europe","Denmark","DNK","'40-49",40,49,2021-01-01,374633,374191,748824
"Europe","Denmark","DNK","'50-59",50,59,2021-01-01,402277,398889,801166
"Europe","Denmark","DNK","'60-69",60,69,2021-01-01,328751,338832,667583
"Europe","Denmark","DNK","'70-79",70,79,2021-01-01,272754,301943,574697
"Europe","Denmark","DNK","'80-89",80,89,2021-01-01,100102,136546,236648
"Europe","Denmark","DNK","'90+",90,NA,2021-01-01,13241,32217,45458
"Europe","Denmark","DNK","'Total",NA,NA,2021-01-01,2904857,2935188,5840045
"Europe","Denmark","DNK","'0-9",0,9,2022-01-01,314832,298194,613026
"Europe","Denmark","DNK","'10-19",10,19,2022-01-01,346522,330006,676528
"Europe","Denmark","DNK","'20-29",20,29,2022-01-01,398984,382538,781522
"Europe","Denmark","DNK","'30-39",30,39,2022-01-01,363779,349991,713770
"Europe","Denmark","DNK","'40-49",40,49,2022-01-01,368313,367938,736251
"Europe","Denmark","DNK","'50-59",50,59,2022-01-01,404821,401028,805849
"Europe","Denmark","DNK","'60-69",60,69,2022-01-01,331789,342161,673950
"Europe","Denmark","DNK","'70-79",70,79,2022-01-01,275694,305342,581036
"Europe","Denmark","DNK","'80-89",80,89,2022-01-01,104740,141283,246023
"Europe","Denmark","DNK","'90+",90,NA,2022-01-01,13441,32024,45465
"Europe","Denmark","DNK","'Total",NA,NA,2022-01-01,2922915,2950505,5873420
"Europe","France","FRA","0-24",0,24,2020-01-01,10125835,9716390,19842225
"Europe","France","FRA","25-34",25,34,2020-01-01,3801364,3968531,7769895
"Europe","France","FRA","35-44",35,44,2020-01-01,4060992,4243022,8304014
"Europe","France","FRA","45-54",45,54,2020-01-01,4407728,4530225,8937953
"Europe","France","FRA","55-64",55,64,2020-01-01,4073533,4385505,8459038
"Europe","France","FRA","65-74",65,74,2020-01-01,3448016,3929026,7377042
"Europe","France","FRA","75-84",75,84,2020-01-01,1751847,2333721,4085568
"Europe","France","FRA","85-94",85,94,2020-01-01,679521,1374792,2054313
"Europe","France","FRA","95+",95,NA,2020-01-01,48343,185312,233655
"Europe","France","FRA","'Total",NA,NA,2020-01-01,32397179,34666524,67063703
"Europe","France","FRA","0-24",0,24,2021-01-01,10243169,9790002,20033171
"Europe","France","FRA","25-34",25,34,2021-01-01,3823310,3956411,7779721
"Europe","France","FRA","35-44",35,44,2021-01-01,4088954,4288594,8377548
"Europe","France","FRA","45-54",45,54,2021-01-01,4387986,4505799,8893785
"Europe","France","FRA","55-64",55,64,2021-01-01,4120031,4427507,8547538
"Europe","France","FRA","65-74",65,74,2021-01-01,3527818,4047186,7575004
"Europe","France","FRA","75-84",75,84,2021-01-01,1781104,2356731,4137835
"Europe","France","FRA","85-94",85,94,2021-01-01,683729,1368917,2052646
"Europe","France","FRA","95+",95,NA,2021-01-01,47052,182096,229148
"Europe","France","FRA","'Total",NA,NA,2021-01-01,32703153,34923243,67626396
"Europe","France","FRA","0-24",0,24,2022-01-01,10238210,9780205,20018415
"Europe","France","FRA","25-34",25,34,2022-01-01,3805709,3927031,7732740
"Europe","France","FRA","35-44",35,44,2022-01-01,4109545,4328576,8438121
"Europe","France","FRA","45-54",45,54,2022-01-01,4331733,4450504,8782237
"Europe","France","FRA","55-64",55,64,2022-01-01,4145940,4445346,8591286
"Europe","France","FRA","65-74",65,74,2022-01-01,3532233,4068075,7600308
"Europe","France","FRA","75-84",75,84,2022-01-01,1874128,2459911,4334039
"Europe","France","FRA","85-94",85,94,2022-01-01,698254,1378493,2076747
"Europe","France","FRA","95+",95,NA,2022-01-01,48791,190712,239503
"Europe","France","FRA","'Total",NA,NA,2022-01-01,32784543,35028853,67813396
"Europe","France","FRA","'0-9",0,9,2020-01-01,3957228,3798527,7755755
"Europe","France","FRA","'10-19",10,19,2020-01-01,4266196,4062792,8328988
"Europe","France","FRA","'20-29",20,29,2020-01-01,3737191,3733717,7470908
"Europe","France","FRA","'30-39",30,39,2020-01-01,4025803,4262454,8288257
"Europe","France","FRA","'40-49",40,49,2020-01-01,4233782,4350667,8584449
"Europe","France","FRA","'50-59",50,59,2020-01-01,4294564,4490542,8785106
"Europe","France","FRA","'60-69",60,69,2020-01-01,3792182,4207424,7999606
"Europe","France","FRA","'70-79",70,79,2020-01-01,2598072,3095588,5693660
"Europe","France","FRA","'80-89",80,89,2020-01-01,1251693,1992850,3244543
"Europe","France","FRA","'90+",90,NA,2020-01-01,240468,671963,912431
"Europe","France","FRA","'Total",NA,NA,2020-01-01,32397179,34666524,67063703
"Europe","France","FRA","'0-9",0,9,2021-01-01,3920720,3759052,7679772
"Europe","France","FRA","'10-19",10,19,2021-01-01,4339096,4123244,8462340
"Europe","France","FRA","'20-29",20,29,2021-01-01,3826672,3778938,7605610
"Europe","France","FRA","'30-39",30,39,2021-01-01,4029615,4254659,8284274
"Europe","France","FRA","'40-49",40,49,2021-01-01,4242915,4368794,8611709
"Europe","France","FRA","'50-59",50,59,2021-01-01,4328043,4518960,8847003
"Europe","France","FRA","'60-69",60,69,2021-01-01,3795941,4228997,8024938
"Europe","France","FRA","'70-79",70,79,2021-01-01,2724129,3248869,5972998
"Europe","France","FRA","'80-89",80,89,2021-01-01,1251976,1970610,3222586
"Europe","France","FRA","'90+",90,NA,2021-01-01,244046,671120,915166
"Europe","France","FRA","'Total",NA,NA,2021-01-01,32703153,34923243,67626396
"Europe","France","FRA","'0-9",0,9,2022-01-01,3869755,3709657,7579412
"Europe","France","FRA","'10-19",10,19,2022-01-01,4350696,4136766,8487462
"Europe","France","FRA","'20-29",20,29,2022-01-01,3854661,3796558,7651219
"Europe","France","FRA","'30-39",30,39,2022-01-01,4005898,4228579,8234477
"Europe","France","FRA","'40-49",40,49,2022-01-01,4208713,4353072,8561785
"Europe","France","FRA","'50-59",50,59,2022-01-01,4350262,4532699,8882961
"Europe","France","FRA","'60-69",60,69,2022-01-01,3812451,4248966,8061417
"Europe","France","FRA","'70-79",70,79,2022-01-01,2834955,3391743,6226698
"Europe","France","FRA","'80-89",80,89,2022-01-01,1243956,1938882,3182838
"Europe","France","FRA","'90+",90,NA,2022-01-01,253196,691931,945127
"Europe","France","FRA","'Total",NA,NA,2022-01-01,32784543,35028853,67813396
"Europe","Germany","DEU","'0-9",0,9,2019-01-01,3896272,3692363,7588635
"Europe","Germany","DEU","'10-19",10,19,2019-01-01,3987129,3718528,7705657
"Europe","Germany","DEU","'20-29",20,29,2019-01-01,5110948,4689659,9800607
"Europe","Germany","DEU","'30-39",30,39,2019-01-01,5437398,5209047,10646445
"Europe","Germany","DEU","'40-49",40,49,2019-01-01,5251175,5175082,10426257
"Europe","Germany","DEU","'50-59",50,59,2019-01-01,6767896,6706270,13474166
"Europe","Germany","DEU","'60-69",60,69,2019-01-01,4987359,5315052,10302411
"Europe","Germany","DEU","'70-79",70,79,2019-01-01,3503497,4182432,7685929
"Europe","Germany","DEU","'80-89",80,89,2019-01-01,1817424,2776739,4594163
"Europe","Germany","DEU","'90+",90,NA,2019-01-01,207593,587350,794943
"Europe","Germany","DEU","'Total",NA,NA,2019-01-01,40966691,42052522,83019213
"Europe","Germany","DEU","'0-9",0,9,2019-12-31,3946552,3741794,7688346
"Europe","Germany","DEU","'10-19",10,19,2019-12-31,3943997,3698159,7642156
"Europe","Germany","DEU","'20-29",20,29,2019-12-31,5052479,4630423,9682902
"Europe","Germany","DEU","'30-39",30,39,2019-12-31,5513386,5271544,10784930
"Europe","Germany","DEU","'40-49",40,49,2019-12-31,5119874,5062510,10182384
"Europe","Germany","DEU","'50-59",50,59,2019-12-31,6754161,6693379,13447540
"Europe","Germany","DEU","'60-69",60,69,2019-12-31,5091980,5414823,10506803
"Europe","Germany","DEU","'70-79",70,79,2019-12-31,3451310,4099205,7550515
"Europe","Germany","DEU","'80-89",80,89,2019-12-31,1940656,2917432,4858088
"Europe","Germany","DEU","'90+",90,NA,2019-12-31,223218,599829,823047
"Europe","Germany","DEU","'Total",NA,NA,2019-12-31,41037613,42129098,83166711
"Europe","Germany","DEU","'0-9",0,9,2020-12-31,3980255,3772451,7752706
"Europe","Germany","DEU","'10-19",10,19,2020-12-31,3907597,3674271,7581868
"Europe","Germany","DEU","'20-29",20,29,2020-12-31,4947027,4536403,9483430
"Europe","Germany","DEU","'30-39",30,39,2020-12-31,5565811,5306153,10871964
"Europe","Germany","DEU","'40-49",40,49,2020-12-31,5057486,5013262,10070748
"Europe","Germany","DEU","'50-59",50,59,2020-12-31,6679255,6625287,13304542
"Europe","Germany","DEU","'60-69",60,69,2020-12-31,5200349,5516892,10717241
"Europe","Germany","DEU","'70-79",70,79,2020-12-31,3405544,4030554,7436098
"Europe","Germany","DEU","'80-89",80,89,2020-12-31,2047926,3044817,5092743
"Europe","Germany","DEU","'90+",90,NA,2020-12-31,235269,608422,843691
"Europe","Germany","DEU","'Total",NA,NA,2020-12-31,41026519,42128512,83155031
"Europe","Germany","DEU","'0-9",0,9,2021-12-31,4037018,3826456,7863474
"Europe","Germany","DEU","'10-19",10,19,2021-12-31,3900556,3669885,7570441
"Europe","Germany","DEU","'20-29",20,29,2021-12-31,4909913,4505343,9415256
"Europe","Germany","DEU","'30-39",30,39,2021-12-31,5583045,5305753,10888798
"Europe","Germany","DEU","'40-49",40,49,2021-12-31,5015732,4980971,9996703
"Europe","Germany","DEU","'50-59",50,59,2021-12-31,6557656,6514253,13071909
"Europe","Germany","DEU","'60-69",60,69,2021-12-31,5325583,5636391,10961974
"Europe","Germany","DEU","'70-79",70,79,2021-12-31,3370624,3986290,7356914
"Europe","Germany","DEU","'80-89",80,89,2021-12-31,2125741,3139471,5265212
"Europe","Germany","DEU","'90+",90,NA,2021-12-31,240917,605526,846443
"Europe","Germany","DEU","'Total",NA,NA,2021-12-31,41066785,42170339,83237124
"Europe","Italy","ITA","'0-9",0,9,2019-01-01,2586810,2443215,5030025
"Europe","Italy","ITA","'10-19",10,19,2019-01-01,2954750,2760788,5715538
"Europe","Italy","ITA","'20-29",20,29,2019-01-01,3179714,2958192,6137906
"Europe","Italy","ITA","'30-39",30,39,2019-01-01,3510929,3464304,6975233
"Europe","Italy","ITA","'40-49",40,49,2019-01-01,4554446,4602865,9157311
"Europe","Italy","ITA","'50-59",50,59,2019-01-01,4552209,4736182,9288391
"Europe","Italy","ITA","'60-69",60,69,2019-01-01,3490149,3797614,7287763
"Europe","Italy","ITA","'70-79",70,79,2019-01-01,2711125,3217093,5928218
"Europe","Italy","ITA","'80-89",80,89,2019-01-01,1384859,2145656,3530515
"Europe","Italy","ITA","'90+",90,NA,2019-01-01,206204,559569,765773
"Europe","Italy","ITA","'Total",NA,NA,2019-01-01,29131195,30685478,59816673
"Europe","Italy","ITA","'0-9",0,9,2020-01-01,2515438,2377056,4892494
"Europe","Italy","ITA","'10-19",10,19,2020-01-01,2945914,2760202,5706116
"Europe","Italy","ITA","'20-29",20,29,2020-01-01,3154464,2929918,6084382
"Europe","Italy","ITA","'30-39",30,39,2020-01-01,3451730,3402902,6854632
"Europe","Italy","ITA","'40-49",40,49,2020-01-01,4445998,4491231,8937229
"Europe","Italy","ITA","'50-59",50,59,2020-01-01,4617152,4797043,9414195
"Europe","Italy","ITA","'60-69",60,69,2020-01-01,3527662,3836702,7364364
"Europe","Italy","ITA","'70-79",70,79,2020-01-01,2736539,3231834,5968373
"Europe","Italy","ITA","'80-89",80,89,2020-01-01,1438596,2189564,3628160
"Europe","Italy","ITA","'90+",90,NA,2020-01-01,216603,574940,791543
"Europe","Italy","ITA","'Total",NA,NA,2020-01-01,29050096,30591392,59641488
"Europe","Italy","ITA","'0-9",0,9,2021-01-01,2464906,2329944,4794850
"Europe","Italy","ITA","'10-19",10,19,2021-01-01,2940688,2758020,5698708
"Europe","Italy","ITA","'20-29",20,29,2021-01-01,3115765,2887154,6002919
"Europe","Italy","ITA","'30-39",30,39,2021-01-01,3381416,3327982,6709398
"Europe","Italy","ITA","'40-49",40,49,2021-01-01,4330959,4370112,8701071
"Europe","Italy","ITA","'50-59",50,59,2021-01-01,4638149,4803491,9441640
"Europe","Italy","ITA","'60-69",60,69,2021-01-01,3554157,3866272,7420429
"Europe","Italy","ITA","'70-79",70,79,2021-01-01,2750144,3238237,5988381
"Europe","Italy","ITA","'80-89",80,89,2021-01-01,1466331,2207734,3674065
"Europe","Italy","ITA","'90+",90,NA,2021-01-01,223711,581041,804752
"Europe","Italy","ITA","'Total",NA,NA,2021-01-01,28866226,30369987,59236213
"Europe","Italy","ITA","'0-9",0,9,2022-01-01,2397180,2265662,4662842
"Europe","Italy","ITA","'10-19",10,19,2022-01-01,2928062,2749348,5677410
"Europe","Italy","ITA","'20-29",20,29,2022-01-01,3110130,2877538,5987668
"Europe","Italy","ITA","'30-39",30,39,2022-01-01,3345402,3280972,6626374
"Europe","Italy","ITA","'40-49",40,49,2022-01-01,4208535,4248096,8456631
"Europe","Italy","ITA","'50-59",50,59,2022-01-01,4663542,4827539,9491081
"Europe","Italy","ITA","'60-69",60,69,2022-01-01,3617158,3935606,7552764
"Europe","Italy","ITA","'70-79",70,79,2022-01-01,2765880,3254055,6019935
"Europe","Italy","ITA","'80-89",80,89,2022-01-01,1476435,2204421,3680856
"Europe","Italy","ITA","'90+",90,NA,2022-01-01,235093,592468,827561
"Europe","Italy","ITA","'Total",NA,NA,2022-01-01,28747417,30235705,58983122
"Europe","Moldova","MDA","'0-4",0,4,2020-01-01,86193,80981,167174
"Europe","Moldova","MDA","'5-9",5,9,2020-01-01,85165,81155,166320
"Europe","Moldova","MDA","'10-14",10,14,2020-01-01,79670,75398,155068
"Europe","Moldova","MDA","'15-19",15,19,2020-01-01,71043,66696,137739
"Europe","Moldova","MDA","'20-24",20,24,2020-01-01,72623,70280,142903
"Europe","Moldova","MDA","'25-29",25,29,2020-01-01,92627,93831,186458
"Europe","Moldova","MDA","'30-34",30,34,2020-01-01,108794,108745,217539
"Europe","Moldova","MDA","'35-39",35,39,2020-01-01,98049,99255,197304
"Europe","Moldova","MDA","'40-44",40,44,2020-01-01,86361,88325,174686
"Europe","Moldova","MDA","'45-49",45,49,2020-01-01,82419,85730,168149
"Europe","Moldova","MDA","'50-54",50,54,2020-01-01,78714,84319,163033
"Europe","Moldova","MDA","'55-59",55,59,2020-01-01,90022,102982,193004
"Europe","Moldova","MDA","'60-64",60,64,2020-01-01,85760,107545,193305
"Europe","Moldova","MDA","'65-69",65,69,2020-01-01,67680,95991,163671
"Europe","Moldova","MDA","'70-74",70,74,2020-01-01,36204,57264,93468
"Europe","Moldova","MDA","'75-79",75,79,2020-01-01,21532,39617,61149
"Europe","Moldova","MDA","'80-84",80,84,2020-01-01,12646,27873,40519
"Europe","Moldova","MDA","'85+",85,NA,2020-01-01,6696,15490,22186
"Europe","Moldova","MDA","'Total",NA,NA,2020-01-01,1262198,1381477,2643675
"Europe","Moldova","MDA","'0-4",0,4,2021-01-01,81513,76253,157766
"Europe","Moldova","MDA","'5-9",5,9,2021-01-01,85892,81231,167123
"Europe","Moldova","MDA","'10-14",10,14,2021-01-01,80472,76101,156573
"Europe","Moldova","MDA","'15-19",15,19,2021-01-01,70040,66388,136428
"Europe","Moldova","MDA","'20-24",20,24,2021-01-01,69660,66803,136463
"Europe","Moldova","MDA","'25-29",25,29,2021-01-01,88063,88501,176564
"Europe","Moldova","MDA","'30-34",30,34,2021-01-01,107485,106495,213980
"Europe","Moldova","MDA","'35-39",35,39,2021-01-01,100863,101174,202037
"Europe","Moldova","MDA","'40-44",40,44,2021-01-01,87135,89427,176562
"Europe","Moldova","MDA","'45-49",45,49,2021-01-01,83344,87130,170474
"Europe","Moldova","MDA","'50-54",50,54,2021-01-01,78967,84124,163091
"Europe","Moldova","MDA","'55-59",55,59,2021-01-01,84710,97649,182359
"Europe","Moldova","MDA","'60-64",60,64,2021-01-01,87732,110432,198164
"Europe","Moldova","MDA","'65-69",65,69,2021-01-01,66590,94876,161466
"Europe","Moldova","MDA","'70-74",70,74,2021-01-01,42837,68490,111327
"Europe","Moldova","MDA","'75-79",75,79,2021-01-01,19083,35731,54814
"Europe","Moldova","MDA","'80-84",80,84,2021-01-01,12227,27348,39575
"Europe","Moldova","MDA","'85+",85,NA,2021-01-01,6584,15235,21819
"Europe","Moldova","MDA","'Total",NA,NA,2021-01-01,1253197,1373388,2626585
"Europe","Moldova","MDA","'0-4",0,4,2022-01-01,76466,71545,148011
"Europe","Moldova","MDA","'5-9",5,9,2022-01-01,86777,81653,168430
"Europe","Moldova","MDA","'10-14",10,14,2022-01-01,80121,76222,156343
"Europe","Moldova","MDA","'15-19",15,19,2022-01-01,70682,66771,137453
"Europe","Moldova","MDA","'20-24",20,24,2022-01-01,66260,63178,129438
"Europe","Moldova","MDA","'25-29",25,29,2022-01-01,84571,83874,168445
"Europe","Moldova","MDA","'30-34",30,34,2022-01-01,102862,102128,204990
"Europe","Moldova","MDA","'35-39",35,39,2022-01-01,105049,104370,209419
"Europe","Moldova","MDA","'40-44",40,44,2022-01-01,88250,90493,178743
"Europe","Moldova","MDA","'45-49",45,49,2022-01-01,84194,87910,172104
"Europe","Moldova","MDA","'50-54",50,54,2022-01-01,78708,84209,162917
"Europe","Moldova","MDA","'55-59",55,59,2022-01-01,80930,93609,174539
"Europe","Moldova","MDA","'60-64",60,64,2022-01-01,88092,110758,198850
"Europe","Moldova","MDA","'65-69",65,69,2022-01-01,65750,94785,160535
"Europe","Moldova","MDA","'70-74",70,74,2022-01-01,47110,75932,123042
"Europe","Moldova","MDA","'75-79",75,79,2022-01-01,17004,32520,49524
"Europe","Moldova","MDA","'80-84",80,84,2022-01-01,12419,27581,40000
"Europe","Moldova","MDA","'85+",85,NA,2022-01-01,6176,14854,21030
"Europe","Moldova","MDA","'Total",NA,NA,2022-01-01,1241421,1362392,2603813
"Europe","Netherlands","NLD","'0-4",0,4,2019-01-01,443658,422404,866062
"Europe","Netherlands","NLD","'5-9",5,9,2019-01-01,470233,447209,917442
"Europe","Netherlands","NLD","'10-14",10,14,2019-01-01,489531,466784,956315
"Europe","Netherlands","NLD","'15-19",15,19,2019-01-01,538304,513715,1052019
"Europe","Netherlands","NLD","'20-24",20,24,2019-01-01,548282,531643,1079925
"Europe","Netherlands","NLD","'25-29",25,29,2019-01-01,569071,552792,1121863
"Europe","Netherlands","NLD","'30-34",30,34,2019-01-01,543375,533531,1076906
"Europe","Netherlands","NLD","'35-39",35,39,2019-01-01,516735,514558,1031293
"Europe","Netherlands","NLD","'40-44",40,44,2019-01-01,510460,514928,1025388
"Europe","Netherlands","NLD","'45-49",45,49,2019-01-01,616540,619179,1235719
"Europe","Netherlands","NLD","'50-54",50,54,2019-01-01,641987,634869,1276856
"Europe","Netherlands","NLD","'55-59",55,59,2019-01-01,616601,614931,1231532
"Europe","Netherlands","NLD","'60-64",60,64,2019-01-01,545999,550840,1096839
"Europe","Netherlands","NLD","'65-69",65,69,2019-01-01,492006,501068,993074
"Europe","Netherlands","NLD","'70-74",70,74,2019-01-01,445416,467968,913384
"Europe","Netherlands","NLD","'75-79",75,79,2019-01-01,284920,323806,608726
"Europe","Netherlands","NLD","'80-84",80,84,2019-01-01,181154,240960,422114
"Europe","Netherlands","NLD","'85-89",85,89,2019-01-01,91558,158510,250068
"Europe","Netherlands","NLD","'90-94",90,94,2019-01-01,29673,71290,100963
"Europe","Netherlands","NLD","'95+",95,NA,2019-01-01,5583,20092,25675
"Europe","Netherlands","NLD","'Total",NA,NA,2019-01-01,8581086,8701077,17282163
"Europe","Netherlands","NLD","'0-4",0,4,2020-01-01,441495,419977,861472
"Europe","Netherlands","NLD","'5-9",5,9,2020-01-01,466869,444554,911423
"Europe","Netherlands","NLD","'10-14",10,14,2020-01-01,488350,464854,953204
"Europe","Netherlands","NLD","'15-19",15,19,2020-01-01,536228,512930,1049158
"Europe","Netherlands","NLD","'20-24",20,24,2020-01-01,555665,538920,1094585
"Europe","Netherlands","NLD","'25-29",25,29,2020-01-01,578599,560366,1138965
"Europe","Netherlands","NLD","'30-34",30,34,2020-01-01,556666,545437,1102103
"Europe","Netherlands","NLD","'35-39",35,39,2020-01-01,525197,520631,1045828
"Europe","Netherlands","NLD","'40-44",40,44,2020-01-01,509422,512586,1022008
"Europe","Netherlands","NLD","'45-49",45,49,2020-01-01,590441,595627,1186068
"Europe","Netherlands","NLD","'50-54",50,54,2020-01-01,644054,637772,1281826
"Europe","Netherlands","NLD","'55-59",55,59,2020-01-01,626683,623909,1250592
"Europe","Netherlands","NLD","'60-64",60,64,2020-01-01,556408,561390,1117798
"Europe","Netherlands","NLD","'65-69",65,69,2020-01-01,493254,502794,996048
"Europe","Netherlands","NLD","'70-74",70,74,2020-01-01,459545,481674,941219
"Europe","Netherlands","NLD","'75-79",75,79,2020-01-01,298045,335155,633200
"Europe","Netherlands","NLD","'80-84",80,84,2020-01-01,189008,247048,436056
"Europe","Netherlands","NLD","'85-89",85,89,2020-01-01,95291,160910,256201
"Europe","Netherlands","NLD","'90-94",90,94,2020-01-01,30984,72134,103118
"Europe","Netherlands","NLD","'95+",95,NA,2020-01-01,5827,20886,26713
"Europe","Netherlands","NLD","'Total",NA,NA,2020-01-01,8648031,8759554,17407585
"Europe","Netherlands","NLD","'0-4",0,4,2021-01-01,439516,418110,857626
"Europe","Netherlands","NLD","'5-9",5,9,2021-01-01,461357,438470,899827
"Europe","Netherlands","NLD","'10-14",10,14,2021-01-01,488746,465532,954278
"Europe","Netherlands","NLD","'15-19",15,19,2021-01-01,527596,504139,1031735
"Europe","Netherlands","NLD","'20-24",20,24,2021-01-01,563311,544175,1107486
"Europe","Netherlands","NLD","'25-29",25,29,2021-01-01,575570,557372,1132942
"Europe","Netherlands","NLD","'30-34",30,34,2021-01-01,570427,556062,1126489
"Europe","Netherlands","NLD","'35-39",35,39,2021-01-01,530309,523777,1054086
"Europe","Netherlands","NLD","'40-44",40,44,2021-01-01,516034,517454,1033488
"Europe","Netherlands","NLD","'45-49",45,49,2021-01-01,562979,569595,1132574
"Europe","Netherlands","NLD","'50-54",50,54,2021-01-01,644880,641251,1286131
"Europe","Netherlands","NLD","'55-59",55,59,2021-01-01,633972,629585,1263557
"Europe","Netherlands","NLD","'60-64",60,64,2021-01-01,566770,570891,1137661
"Europe","Netherlands","NLD","'65-69",65,69,2021-01-01,496148,507630,1003778
"Europe","Netherlands","NLD","'70-74",70,74,2021-01-01,474058,496978,971036
"Europe","Netherlands","NLD","'75-79",75,79,2021-01-01,303655,340405,644060
"Europe","Netherlands","NLD","'80-84",80,84,2021-01-01,196115,253008,449123
"Europe","Netherlands","NLD","'85-89",85,89,2021-01-01,97307,160502,257809
"Europe","Netherlands","NLD","'90-94",90,94,2021-01-01,31861,73187,105048
"Europe","Netherlands","NLD","'95+",95,NA,2021-01-01,5925,20756,26681
"Europe","Netherlands","NLD","'Total",NA,NA,2021-01-01,8686536,8788879,17475415
"Europe","Netherlands","NLD","'0-4",0,4,2022-01-01,442832,421821,864653
"Europe","Netherlands","NLD","'5-9",5,9,2022-01-01,458669,435951,894620
"Europe","Netherlands","NLD","'10-14",10,14,2022-01-01,488187,465001,953188
"Europe","Netherlands","NLD","'15-19",15,19,2022-01-01,524244,501112,1025356
"Europe","Netherlands","NLD","'20-24",20,24,2022-01-01,574952,557933,1132885
"Europe","Netherlands","NLD","'25-29",25,29,2022-01-01,576937,557569,1134506
"Europe","Netherlands","NLD","'30-34",30,34,2022-01-01,582953,565526,1148479
"Europe","Netherlands","NLD","'35-39",35,39,2022-01-01,540219,531752,1071971
"Europe","Netherlands","NLD","'40-44",40,44,2022-01-01,521310,522737,1044047
"Europe","Netherlands","NLD","'45-49",45,49,2022-01-01,540923,547531,1088454
"Europe","Netherlands","NLD","'50-54",50,54,2022-01-01,642285,640785,1283070
"Europe","Netherlands","NLD","'55-59",55,59,2022-01-01,635182,630311,1265493
"Europe","Netherlands","NLD","'60-64",60,64,2022-01-01,576965,581532,1158497
"Europe","Netherlands","NLD","'65-69",65,69,2022-01-01,502352,514964,1017316
"Europe","Netherlands","NLD","'70-74",70,74,2022-01-01,459499,481926,941425
"Europe","Netherlands","NLD","'75-79",75,79,2022-01-01,337755,375850,713605
"Europe","Netherlands","NLD","'80-84",80,84,2022-01-01,201255,256285,457540
"Europe","Netherlands","NLD","'85-89",85,89,2022-01-01,100164,161854,262018
"Europe","Netherlands","NLD","'90-94",90,94,2022-01-01,32743,73997,106740
"Europe","Netherlands","NLD","'95+",95,NA,2022-01-01,6042,20767,26809
"Europe","Netherlands","NLD","'Total",NA,NA,2022-01-01,8745468,8845204,17590672
"Europe","Norway","NOR","'<40",0,40,2020-01-01,1381889,1309159,2691048
"Europe","Norway","NOR","'40-49",40,49,2020-01-01,371521,352142,723663
"Europe","Norway","NOR","'50-59",50,59,2020-01-01,360209,343621,703830
"Europe","Norway","NOR","'60-69",60,69,2020-01-01,291860,290635,582495
"Europe","Norway","NOR","'70-79",70,79,2020-01-01,210649,225185,435834
"Europe","Norway","NOR","'80-89",80,89,2020-01-01,77011,108469,185480
"Europe","Norway","NOR","'90+",90,NA,2020-01-01,13423,31807,45230
"Europe","Norway","NOR","'Total",NA,NA,2020-01-01,2706562,2661018,5367580
"Europe","Norway","NOR","'<40",0,40,2021-01-01,1377103,1305118,2682221
"Europe","Norway","NOR","'40-49",40,49,2021-01-01,369380,350211,719591
"Europe","Norway","NOR","'50-59",50,59,2021-01-01,365421,348742,714163
"Europe","Norway","NOR","'60-69",60,69,2021-01-01,295110,293409,588519
"Europe","Norway","NOR","'70-79",70,79,2021-01-01,218405,232063,450468
"Europe","Norway","NOR","'80-89",80,89,2021-01-01,79887,110422,190309
"Europe","Norway","NOR","'90+",90,NA,2021-01-01,13953,32145,46098
"Europe","Norway","NOR","'Total",NA,NA,2021-01-01,2719259,2672110,5391369
"Europe","Norway","NOR","'<40",0,40,2022-01-01,1379030,1306409,2685439
"Europe","Norway","NOR","'40-49",40,49,2022-01-01,366352,347881,714233
"Europe","Norway","NOR","'50-59",50,59,2022-01-01,370641,354218,724859
"Europe","Norway","NOR","'60-69",60,69,2022-01-01,298918,297200,596118
"Europe","Norway","NOR","'70-79",70,79,2022-01-01,225744,238584,464328
"Europe","Norway","NOR","'80-89",80,89,2022-01-01,82317,111418,193735
"Europe","Norway","NOR","'90+",90,NA,2022-01-01,14330,32228,46558
"Europe","Norway","NOR","'Total",NA,NA,2022-01-01,2737332,2687938,5425270
"Europe","Portugal","PRT","'0-9",0,9,2019-12-31,455719,436326,892045
"Europe","Portugal","PRT","'10-19",10,19,2019-12-31,536310,513952,1050262
"Europe","Portugal","PRT","'20-29",20,29,2019-12-31,551935,546189,1098124
"Europe","Portugal","PRT","'30-39",30,39,2019-12-31,601737,637279,1239016
"Europe","Portugal","PRT","'40-49",40,49,2019-12-31,748223,825734,1573957
"Europe","Portugal","PRT","'50-59",50,59,2019-12-31,698462,786857,1485319
"Europe","Portugal","PRT","'60-69",60,69,2019-12-31,599713,699961,1299674
"Europe","Portugal","PRT","'70-79",70,79,2019-12-31,425182,556467,981649
"Europe","Portugal","PRT","'80+",80,NA,2019-12-31,242696,433167,675863
"Europe","Portugal","PRT","'Total",NA,NA,2019-12-31,4859977,5435932,10295909
"Europe","Portugal","PRT","'0-9",0,9,2020-12-31,450421,430319,880740
"Europe","Portugal","PRT","'10-19",10,19,2020-12-31,529480,508849,1038329
"Europe","Portugal","PRT","'20-29",20,29,2020-12-31,559213,552173,1111386
"Europe","Portugal","PRT","'30-39",30,39,2020-12-31,592613,623864,1216477
"Europe","Portugal","PRT","'40-49",40,49,2020-12-31,744126,823365,1567491
"Europe","Portugal","PRT","'50-59",50,59,2020-12-31,697855,789895,1487750
"Europe","Portugal","PRT","'60-69",60,69,2020-12-31,605361,708911,1314272
"Europe","Portugal","PRT","'70-79",70,79,2020-12-31,434261,565956,1000217
"Europe","Portugal","PRT","'80+",80,NA,2020-12-31,245419,436171,681590
"Europe","Portugal","PRT","'Total",NA,NA,2020-12-31,4858749,5439503,10298252
"Europe","Portugal","PRT","'0-9",0,9,2021-12-31,429478,408573,838051
"Europe","Portugal","PRT","'10-19",10,19,2021-12-31,519472,493861,1013333
"Europe","Portugal","PRT","'20-29",20,29,2021-12-31,558358,541441,1099799
"Europe","Portugal","PRT","'30-39",30,39,2021-12-31,587246,607070,1194316
"Europe","Portugal","PRT","'40-49",40,49,2021-12-31,742219,804905,1547124
"Europe","Portugal","PRT","'50-59",50,59,2021-12-31,707641,791417,1499058
"Europe","Portugal","PRT","'60-69",60,69,2021-12-31,632360,732900,1365260
"Europe","Portugal","PRT","'70-79",70,79,2021-12-31,478710,597043,1075753
"Europe","Portugal","PRT","'80+",80,NA,2021-12-31,267617,451731,719348
"Europe","Portugal","PRT","'Total",NA,NA,2021-12-31,4923101,5428941,10352042
"Europe","Romania","ROU","'0-9",0,9,2020-01-01,1023683,969944,1993627
"Europe","Romania","ROU","'10-19",10,19,2020-01-01,1077988,1014027,2092015
"Europe","Romania","ROU","'20-29",20,29,2020-01-01,1062881,994014,2056895
"Europe","Romania","ROU","'30-39",30,39,2020-01-01,1394680,1300065,2694745
"Europe","Romania","ROU","'40-49",40,49,2020-01-01,1549086,1470325,3019411
"Europe","Romania","ROU","'50-59",50,59,2020-01-01,1279956,1260781,2540737
"Europe","Romania","ROU","'60-69",60,69,2020-01-01,1136012,1361632,2497644
"Europe","Romania","ROU","'70-79",70,79,2020-01-01,626588,905985,1532573
"Europe","Romania","ROU","'80+",80,NA,2020-01-01,322928,603764,926692
"Europe","Romania","ROU","'Total",NA,NA,2020-01-01,9473802,9880537,19354339
"Europe","Romania","ROU","'0-9",0,9,2021-01-01,1013056,958767,1971823
"Europe","Romania","ROU","'10-19",10,19,2021-01-01,1071833,1010232,2082065
"Europe","Romania","ROU","'20-29",20,29,2021-01-01,1037828,975110,2012938
"Europe","Romania","ROU","'30-39",30,39,2021-01-01,1359754,1266337,2626091
"Europe","Romania","ROU","'40-49",40,49,2021-01-01,1530362,1457398,2987760
"Europe","Romania","ROU","'50-59",50,59,2021-01-01,1305755,1282096,2587851
"Europe","Romania","ROU","'60-69",60,69,2021-01-01,1111251,1330297,2441548
"Europe","Romania","ROU","'70-79",70,79,2021-01-01,638594,927708,1566302
"Europe","Romania","ROU","'80+",80,NA,2021-01-01,319157,606127,925284
"Europe","Romania","ROU","'Total",NA,NA,2021-01-01,9387590,9814072,19201662
"Europe","Romania","ROU","'0-9",0,9,2022-01-01,1011061,957229,1968290
"Europe","Romania","ROU","'10-19",10,19,2022-01-01,1059810,999731,2059541
"Europe","Romania","ROU","'20-29",20,29,2022-01-01,1022446,964785,1987231
"Europe","Romania","ROU","'30-39",30,39,2022-01-01,1327548,1228838,2556386
"Europe","Romania","ROU","'40-49",40,49,2022-01-01,1521482,1447600,2969082
"Europe","Romania","ROU","'50-59",50,59,2022-01-01,1332307,1301743,2634050
"Europe","Romania","ROU","'60-69",60,69,2022-01-01,1080307,1289971,2370278
"Europe","Romania","ROU","'70-79",70,79,2022-01-01,646393,944760,1591153
"Europe","Romania","ROU","'80+",80,NA,2022-01-01,308223,593864,902087
"Europe","Romania","ROU","'Total",NA,NA,2022-01-01,9309577,9728521,19038098
"Europe","Scotland","SCT","'0",0,0,2019-06-30,26138,24634,50772
"Europe","Scotland","SCT","'1-14",1,14,2019-06-30,417628,397305,814933
"Europe","Scotland","SCT","'15-44",15,44,2019-06-30,1023432,1029654,2053086
"Europe","Scotland","SCT","'45-64",45,64,2019-06-30,726379,773985,1500364
"Europe","Scotland","SCT","'65-74",65,74,2019-06-30,276799,301501,578300
"Europe","Scotland","SCT","'75-84",75,84,2019-06-30,147734,191024,338758
"Europe","Scotland","SCT","'85+",85,NA,2019-06-30,44893,82194,127087
"Europe","Scotland","SCT","'Total",NA,NA,2019-06-30,2663003,2800297,5463300
"Europe","Scotland","SCT","'0",0,0,2020-06-30,24948,23687,48635
"Europe","Scotland","SCT","'1-14",1,14,2020-06-30,415733,395422,811155
"Europe","Scotland","SCT","'15-44",15,44,2020-06-30,1025950,1029230,2055180
"Europe","Scotland","SCT","'45-64",45,64,2020-06-30,722780,772170,1494950
"Europe","Scotland","SCT","'65-74",65,74,2020-06-30,280439,305824,586263
"Europe","Scotland","SCT","'75-84",75,84,2020-06-30,149476,192030,341506
"Europe","Scotland","SCT","'85+",85,NA,2020-06-30,45886,82425,128311
"Europe","Scotland","SCT","'Total",NA,NA,2020-06-30,2665212,2800788,5466000
"Europe","Scotland","SCT","'0",0,0,2021-06-30,23961,22821,46782
"Europe","Scotland","SCT","'1-14",1,14,2021-06-30,413665,393283,806948
"Europe","Scotland","SCT","'15-44",15,44,2021-06-30,1030509,1031675,2062184
"Europe","Scotland","SCT","'45-64",45,64,2021-06-30,719686,770439,1490125
"Europe","Scotland","SCT","'65-74",65,74,2021-06-30,284561,311017,595578
"Europe","Scotland","SCT","'75-84",75,84,2021-06-30,152939,194035,346974
"Europe","Scotland","SCT","'85+",85,NA,2021-06-30,47241,84068,131309
"Europe","Scotland","SCT","'Total",NA,NA,2021-06-30,2672562,2807338,5479900
"Asia","South Korea","KOR","'0-9",0,9,2020-01-01,2128540,2020114,4148654
"Asia","South Korea","KOR","'10-19",10,19,2020-01-01,2559161,2381294,4940455
"Asia","South Korea","KOR","'20-29",20,29,2020-01-01,3577821,3228589,6806410
"Asia","South Korea","KOR","'30-39",30,39,2020-01-01,3620786,3424334,7045120
"Asia","South Korea","KOR","'40-49",40,49,2020-01-01,4263630,4125651,8389281
"Asia","South Korea","KOR","'50-59",50,59,2020-01-01,4367950,4299021,8666971
"Asia","South Korea","KOR","'60-69",60,69,2020-01-01,3102402,3241882,6344284
"Asia","South Korea","KOR","'70-79",70,79,2020-01-01,1613721,1993383,3607104
"Asia","South Korea","KOR","'80+",80,NA,2020-01-01,628852,1270378,1899230
"Asia","South Korea","KOR","'Total",NA,NA,2020-01-01,25862863,25984646,51847509
"Asia","South Korea","KOR","'0-9",0,9,2021-01-01,2022468,1921776,3944244
"Asia","South Korea","KOR","'10-19",10,19,2021-01-01,2473667,2310721,4784388
"Asia","South Korea","KOR","'20-29",20,29,2021-01-01,3566435,3226048,6792483
"Asia","South Korea","KOR","'30-39",30,39,2021-01-01,3532439,3323975,6856414
"Asia","South Korea","KOR","'40-49",40,49,2021-01-01,4210504,4075431,8285935
"Asia","South Korea","KOR","'50-59",50,59,2021-01-01,4362639,4280061,8642700
"Asia","South Korea","KOR","'60-69",60,69,2021-01-01,3323601,3470948,6794549
"Asia","South Korea","KOR","'70-79",70,79,2021-01-01,1670127,2037556,3707683
"Asia","South Korea","KOR","'80+",80,NA,2021-01-01,676632,1340904,2017536
"Asia","South Korea","KOR","'Total",NA,NA,2021-01-01,25838512,25987420,51825932
"Asia","South Korea","KOR","'0-9",0,9,2022-01-01,1915401,1821241,3736642
"Asia","South Korea","KOR","'10-19",10,19,2022-01-01,2429066,2276936,4706002
"Asia","South Korea","KOR","'20-29",20,29,2022-01-01,3479452,3153259,6632711
"Asia","South Korea","KOR","'30-39",30,39,2022-01-01,3463616,3240655,6704271
"Asia","South Korea","KOR","'40-49",40,49,2022-01-01,4149400,4017423,8166823
"Asia","South Korea","KOR","'50-59",50,59,2022-01-01,4366032,4269023,8635055
"Asia","South Korea","KOR","'60-69",60,69,2022-01-01,3525502,3670801,7196303
"Asia","South Korea","KOR","'70-79",70,79,2022-01-01,1690255,2034639,3724894
"Asia","South Korea","KOR","'80+",80,NA,2022-01-01,723804,1405968,2129772
"Asia","South Korea","KOR","'Total",NA,NA,2022-01-01,25742528,25889945,51632473
"Europe","Spain","ESP","'0-9",0,9,2020-01-01,2236298,2105797,4342095
"Europe","Spain","ESP","'10-19",10,19,2020-01-01,2549184,2385870,4935054
"Europe","Spain","ESP","'20-29",20,29,2020-01-01,2491255,2405908,4897163
"Europe","Spain","ESP","'30-39",30,39,2020-01-01,3042525,3060797,6103322
"Europe","Spain","ESP","'40-49",40,49,2020-01-01,3948974,3884644,7833618
"Europe","Spain","ESP","'50-59",50,59,2020-01-01,3487399,3547803,7035202
"Europe","Spain","ESP","'60-69",60,69,2020-01-01,2576886,2773720,5350606
"Europe","Spain","ESP","'70-79",70,79,2020-01-01,1810587,2173918,3984505
"Europe","Spain","ESP","'80+",80,NA,2020-01-01,1056207,1794845,2851052
"Europe","Spain","ESP","'Total",NA,NA,2020-01-01,23199315,24133302,47332617
"Europe","Spain","ESP","'0-9",0,9,2021-01-01,2172614,2048172,4220786
"Europe","Spain","ESP","'10-19",10,19,2021-01-01,2570053,2406788,4976841
"Europe","Spain","ESP","'20-29",20,29,2021-01-01,2512276,2412326,4924602
"Europe","Spain","ESP","'30-39",30,39,2021-01-01,2962618,2979403,5942021
"Europe","Spain","ESP","'40-49",40,49,2021-01-01,3931995,3884812,7816807
"Europe","Spain","ESP","'50-59",50,59,2021-01-01,3536214,3593500,7129714
"Europe","Spain","ESP","'60-69",60,69,2021-01-01,2652275,2855387,5507662
"Europe","Spain","ESP","'70-79",70,79,2021-01-01,1816359,2180471,3996830
"Europe","Spain","ESP","'80+",80,NA,2021-01-01,1072879,1810556,2883435
"Europe","Spain","ESP","'Total",NA,NA,2021-01-01,23227283,24171415,47398698
"Europe","Spain","ESP","'0-9",0,9,2022-01-01,2109964,1988702,4098666
"Europe","Spain","ESP","'10-19",10,19,2022-01-01,2592480,2425045,5017525
"Europe","Spain","ESP","'20-29",20,29,2022-01-01,2527706,2415700,4943406
"Europe","Spain","ESP","'30-39",30,39,2022-01-01,2886572,2899364,5785936
"Europe","Spain","ESP","'40-49",40,49,2022-01-01,3881335,3855728,7737063
"Europe","Spain","ESP","'50-59",50,59,2022-01-01,3587178,3641729,7228907
"Europe","Spain","ESP","'60-69",60,69,2022-01-01,2719983,2929314,5649297
"Europe","Spain","ESP","'70-79",70,79,2022-01-01,1857221,2231237,4088458
"Europe","Spain","ESP","'80+",80,NA,2022-01-01,1074561,1808988,2883549
"Europe","Spain","ESP","'Total",NA,NA,2022-01-01,23237000,24195807,47432807
"Europe","Sweden","SWE","'0-9",0,9,2019-12-31,630552,595250,1225802
"Europe","Sweden","SWE","'10-19",10,19,2019-12-31,609424,568504,1177928
"Europe","Sweden","SWE","'20-29",20,29,2019-12-31,690609,636786,1327395
"Europe","Sweden","SWE","'30-39",30,39,2019-12-31,701076,665413,1366489
"Europe","Sweden","SWE","'40-49",40,49,2019-12-31,660150,638205,1298355
"Europe","Sweden","SWE","'50-59",50,59,2019-12-31,657515,640348,1297863
"Europe","Sweden","SWE","'60-69",60,69,2019-12-31,551954,556484,1108438
"Europe","Sweden","SWE","'70-74",70,74,2019-12-31,273394,287021,560415
"Europe","Sweden","SWE","'75-79",75,79,2019-12-31,205253,223345,428598
"Europe","Sweden","SWE","'80-84",80,84,2019-12-31,121578,151472,273050
"Europe","Sweden","SWE","'85-89",85,89,2019-12-31,63989,99640,163629
"Europe","Sweden","SWE","'90+",90,NA,2019-12-31,30320,69307,99627
"Europe","Sweden","SWE","'Total",NA,NA,2019-12-31,5195814,5131775,10327589
"Europe","Sweden","SWE","'0-9",0,9,2020-12-31,625343,590088,1215431
"Europe","Sweden","SWE","'10-19",10,19,2020-12-31,618383,580560,1198943
"Europe","Sweden","SWE","'20-29",20,29,2020-12-31,676875,620348,1297223
"Europe","Sweden","SWE","'30-39",30,39,2020-12-31,717458,681221,1398679
"Europe","Sweden","SWE","'40-49",40,49,2020-12-31,662070,639392,1301462
"Europe","Sweden","SWE","'50-59",50,59,2020-12-31,663693,646552,1310245
"Europe","Sweden","SWE","'60-69",60,69,2020-12-31,550672,555288,1105960
"Europe","Sweden","SWE","'70-74",70,74,2020-12-31,268233,282384,550617
"Europe","Sweden","SWE","'75-79",75,79,2020-12-31,219254,237761,457015
"Europe","Sweden","SWE","'80-84",80,84,2020-12-31,125935,155095,281030
"Europe","Sweden","SWE","'85-89",85,89,2020-12-31,64699,98675,163374
"Europe","Sweden","SWE","'90+",90,NA,2020-12-31,30232,69084,99316
"Europe","Sweden","SWE","'Total",NA,NA,2020-12-31,5222847,5156448,10379295
"Europe","Sweden","SWE","'0-9",0,9,2021-12-31,623360,588676,1212036
"Europe","Sweden","SWE","'10-19",10,19,2021-12-31,627332,590706,1218038
"Europe","Sweden","SWE","'20-29",20,29,2021-12-31,663261,607269,1270530
"Europe","Sweden","SWE","'30-39",30,39,2021-12-31,738373,699413,1437786
"Europe","Sweden","SWE","'40-49",40,49,2021-12-31,661302,637925,1299227
"Europe","Sweden","SWE","'50-59",50,59,2021-12-31,671579,654555,1326134
"Europe","Sweden","SWE","'60-69",60,69,2021-12-31,553313,556716,1110029
"Europe","Sweden","SWE","'70-74",70,74,2021-12-31,260832,275284,536116
"Europe","Sweden","SWE","'75-79",75,79,2021-12-31,231607,251189,482796
"Europe","Sweden","SWE","'80-84",80,84,2021-12-31,131553,159458,291011
"Europe","Sweden","SWE","'85-89",85,89,2021-12-31,66971,100350,167321
"Europe","Sweden","SWE","'90+",90,NA,2021-12-31,31224,70078,101302
"Europe","Sweden","SWE","'Total",NA,NA,2021-12-31,5260707,5191619,10452326
"Europe","Switzerland","CHE","'0-9",0,9,2019-12-31,450100,426677,876777
"Europe","Switzerland","CHE","'10-19",10,19,2019-12-31,436616,411459,848075
"Europe","Switzerland","CHE","'20-29",20,29,2019-12-31,537127,512732,1049859
"Europe","Switzerland","CHE","'30-39",30,39,2019-12-31,623347,610796,1234143
"Europe","Switzerland","CHE","'40-49",40,49,2019-12-31,605292,598532,1203824
"Europe","Switzerland","CHE","'50-59",50,59,2019-12-31,654700,644531,1299231
"Europe","Switzerland","CHE","'60-69",60,69,2019-12-31,468511,484259,952770
"Europe","Switzerland","CHE","'70-79",70,79,2019-12-31,338018,386885,724903
"Europe","Switzerland","CHE","'80+",80,NA,2019-12-31,174367,280831,455198
"Europe","Switzerland","CHE","'Total",NA,NA,2019-12-31,4288078,4356702,8644780
"Europe","Switzerland","CHE","'0-9",0,9,2020-12-31,452658,427929,880587
"Europe","Switzerland","CHE","'10-19",10,19,2020-12-31,438812,414563,853375
"Europe","Switzerland","CHE","'20-29",20,29,2020-12-31,534180,508437,1042617
"Europe","Switzerland","CHE","'30-39",30,39,2020-12-31,630777,617463,1248240
"Europe","Switzerland","CHE","'40-49",40,49,2020-12-31,607008,599897,1206905
"Europe","Switzerland","CHE","'50-59",50,59,2020-12-31,657562,647981,1305543
"Europe","Switzerland","CHE","'60-69",60,69,2020-12-31,478411,493866,972277
"Europe","Switzerland","CHE","'70-79",70,79,2020-12-31,345623,394290,739913
"Europe","Switzerland","CHE","'80+",80,NA,2020-12-31,176936,282962,459898
"Europe","Switzerland","CHE","'Total",NA,NA,2020-12-31,4321967,4387388,8709355
"Europe","Switzerland","CHE","'0-9",0,9,2021-12-31,456072,431606,887678
"Europe","Switzerland","CHE","'10-19",10,19,2021-12-31,443674,419242,862916
"Europe","Switzerland","CHE","'20-29",20,29,2021-12-31,529516,502626,1032142
"Europe","Switzerland","CHE","'30-39",30,39,2021-12-31,637338,622714,1260052
"Europe","Switzerland","CHE","'40-49",40,49,2021-12-31,609360,601529,1210889
"Europe","Switzerland","CHE","'50-59",50,59,2021-12-31,657542,648873,1306415
"Europe","Switzerland","CHE","'60-69",60,69,2021-12-31,490291,506001,996292
"Europe","Switzerland","CHE","'70-79",70,79,2021-12-31,349657,398361,748018
"Europe","Switzerland","CHE","'80+",80,NA,2021-12-31,184249,289448,473697
"Europe","Switzerland","CHE","'Total",NA,NA,2021-12-31,4357699,4420400,8778099
"Americas","United States of America","USA","'0",0,0,2019-07-01,1921001,1841226,3762227
"Americas","United States of America","USA","'1-4",1,4,2019-07-01,8080265,7728847,15809112
"Americas","United States of America","USA","'5-14",5,14,2019-07-01,20964468,20077338,41041806
"Americas","United States of America","USA","'15-24",15,24,2019-07-01,21819698,20890699,42710397
"Americas","United States of America","USA","'25-34",25,34,2019-07-01,23391238,22612446,46003684
"Americas","United States of America","USA","'35-44",35,44,2019-07-01,20798763,20875681,41674444
"Americas","United States of America","USA","'45-54",45,54,2019-07-01,20164931,20695392,40860323
"Americas","United States of America","USA","'55-64",55,64,2019-07-01,20490355,21940870,42431225
"Americas","United States of America","USA","'65-74",65,74,2019-07-01,14690960,16780384,31471344
"Americas","United States of America","USA","'75-84",75,84,2019-07-01,6996450,8969474,15965924
"Americas","United States of America","USA","'85+",85,NA,2019-07-01,2374207,4225260,6599467
"Americas","United States of America","USA","'Total",NA,NA,2019-07-01,161692336,166637617,328329953
"Americas","United States of America","USA","'0",0,0,2020-07-01,1891716,1807480,3699196
"Americas","United States of America","USA","'1-4",1,4,2020-07-01,7965437,7616579,15582016
"Americas","United States of America","USA","'5-14",5,14,2020-07-01,21510610,20509248,42019858
"Americas","United States of America","USA","'15-24",15,24,2020-07-01,21948665,21050294,42998959
"Americas","United States of America","USA","'25-34",25,34,2020-07-01,23153624,22529226,45682850
"Americas","United States of America","USA","'35-44",35,44,2020-07-01,21593934,21309476,42903410
"Americas","United States of America","USA","'45-54",45,54,2020-07-01,20526370,20573921,41100291
"Americas","United States of America","USA","'55-64",55,64,2020-07-01,21088765,21987439,43076204
"Americas","United States of America","USA","'65-74",65,74,2020-07-01,15374884,17222111,32596995
"Americas","United States of America","USA","'75-84",75,84,2020-07-01,6993079,8828070,15821149
"Americas","United States of America","USA","'85+",85,NA,2020-07-01,2167793,3852359,6020152
"Americas","United States of America","USA","'Total",NA,NA,2020-07-01,164214877,167286203,331501080
"Americas","United States of America","USA","'0",0,0,2021-07-01,1821502,1742991,3564493
"Americas","United States of America","USA","'1-4",1,4,2021-07-01,7802850,7459995,15262845
"Americas","United States of America","USA","'5-14",5,14,2021-07-01,21364381,20374951,41739332
"Americas","United States of America","USA","'15-24",15,24,2021-07-01,21996214,21092449,43088663
"Americas","United States of America","USA","'25-34",25,34,2021-07-01,23053362,22441743,45495105
"Americas","United States of America","USA","'35-44",35,44,2021-07-01,21857613,21546241,43403854
"Americas","United States of America","USA","'45-54",45,54,2021-07-01,20311959,20376477,40688436
"Americas","United States of America","USA","'55-64",55,64,2021-07-01,20963318,21839746,42803064
"Americas","United States of America","USA","'65-74",65,74,2021-07-01,15869086,17797036,33666122
"Americas","United States of America","USA","'75-84",75,84,2021-07-01,7168514,9037561,16206075
"Americas","United States of America","USA","'85+",85,NA,2021-07-01,2175943,3799813,5975756
"Americas","United States of America","USA","'Total",NA,NA,2021-07-01,164384742,167509003,331893745
"Europe","Ukraine","UKR","'0-9",0,9,2020-01-01,2144902,2015536,4160438
"Europe","Ukraine","UKR","'10-19",10,19,2020-01-01,2108122,1987939,4096061
"Europe","Ukraine","UKR","'20-29",20,29,2020-01-01,2477429,2346114,4823543
"Europe","Ukraine","UKR","'30-39",30,39,2020-01-01,3493916,3424411,6918327
"Europe","Ukraine","UKR","'40-49",40,49,2020-01-01,2926227,3107061,6033288
"Europe","Ukraine","UKR","'50-59",50,59,2020-01-01,2598494,3124434,5722928
"Europe","Ukraine","UKR","'60-69",60,69,2020-01-01,2113891,3103771,5217662
"Europe","Ukraine","UKR","'70-79",70,79,2020-01-01,964905,1921809,2886714
"Europe","Ukraine","UKR","'80-89",80,89,2020-01-01,449330,1164709,1614039
"Europe","Ukraine","UKR","'90+",90,NA,2020-01-01,66224,193555,259779
"Europe","Ukraine","UKR","'Total",NA,NA,2020-01-01,19343440,22389339,41732779
"Europe","Ukraine","UKR","'0-9",0,9,2021-01-01,2056030,1931034,3987064
"Europe","Ukraine","UKR","'10-19",10,19,2021-01-01,2158184,2035949,4194133
"Europe","Ukraine","UKR","'20-29",20,29,2021-01-01,2353159,2225782,4578941
"Europe","Ukraine","UKR","'30-39",30,39,2021-01-01,3464173,3385682,6849855
"Europe","Ukraine","UKR","'40-49",40,49,2021-01-01,2954681,3125274,6079955
"Europe","Ukraine","UKR","'50-59",50,59,2021-01-01,2555394,3051751,5607145
"Europe","Ukraine","UKR","'60-69",60,69,2021-01-01,2147021,3139694,5286715
"Europe","Ukraine","UKR","'70-79",70,79,2021-01-01,979569,1930833,2910402
"Europe","Ukraine","UKR","'80-89",80,89,2021-01-01,449732,1182853,1632585
"Europe","Ukraine","UKR","'90+",90,NA,2021-01-01,77433,214489,291922
"Europe","Ukraine","UKR","'Total",NA,NA,2021-01-01,19195376,22223341,41418717
"Europe","Ukraine","UKR","'0-9",0,9,2022-01-01,1953588,1834796,3788384
"Europe","Ukraine","UKR","'10-19",10,19,2022-01-01,2219065,2092734,4311799
"Europe","Ukraine","UKR","'20-29",20,29,2022-01-01,2241159,2115049,4356208
"Europe","Ukraine","UKR","'30-39",30,39,2022-01-01,3429342,3340074,6769416
"Europe","Ukraine","UKR","'40-49",40,49,2022-01-01,2972471,3133589,6106060
"Europe","Ukraine","UKR","'50-59",50,59,2022-01-01,2521482,2991966,5513448
"Europe","Ukraine","UKR","'60-69",60,69,2022-01-01,2162418,3148886,5311304
"Europe","Ukraine","UKR","'70-79",70,79,2022-01-01,983460,1929457,2912917
"Europe","Ukraine","UKR","'80-89",80,89,2022-01-01,442205,1187681,1629886
"Europe","Ukraine","UKR","'90+",90,NA,2022-01-01,81789,216487,298276
"Europe","Ukraine","UKR","'Total",NA,NA,2022-01-01,19006979,21990719,40997698
"Europe","England & Wales","EAW","'<1",0,0,2019-06-30,333765,315623,649388
"Europe","England & Wales","EAW","'1-4",1,4,2019-06-30,1444147,1371644,2815791
"Europe","England & Wales","EAW","'5-9",5,9,2019-06-30,1906678,1815312,3721990
"Europe","England & Wales","EAW","'10-14",10,14,2019-06-30,1812169,1722896,3535065
"Europe","England & Wales","EAW","'15-19",15,19,2019-06-30,1677017,1585596,3262613
"Europe","England & Wales","EAW","'20-24",20,24,2019-06-30,1899064,1791201,3690265
"Europe","England & Wales","EAW","'25-29",25,29,2019-06-30,2039665,1970004,4009669
"Europe","England & Wales","EAW","'30-34",30,34,2019-06-30,1996819,2004089,4000908
"Europe","England & Wales","EAW","'35-39",35,39,2019-06-30,1940526,1978036,3918562
"Europe","England & Wales","EAW","'40-44",40,44,2019-06-30,1783858,1799995,3583853
"Europe","England & Wales","EAW","'45-49",45,49,2019-06-30,1936273,1978611,3914884
"Europe","England & Wales","EAW","'50-54",50,54,2019-06-30,2034220,2093721,4127941
"Europe","England & Wales","EAW","'55-59",55,59,2019-06-30,1915479,1972652,3888131
"Europe","England & Wales","EAW","'60-64",60,64,2019-06-30,1621138,1683550,3304688
"Europe","England & Wales","EAW","'65-69",65,69,2019-06-30,1441364,1537518,2978882
"Europe","England & Wales","EAW","'70-74",70,74,2019-06-30,1416786,1541826,2958612
"Europe","England & Wales","EAW","'75-79",75,79,2019-06-30,960212,1107259,2067471
"Europe","England & Wales","EAW","'80-84",80,84,2019-06-30,675158,854524,1529682
"Europe","England & Wales","EAW","'85-89",85,89,2019-06-30,372246,561410,933656
"Europe","England & Wales","EAW","'90+",90,NA,2019-06-30,175925,371864,547789
"Europe","England & Wales","EAW","'Total",NA,NA,2019-06-30,29382509,30057331,59439840
"Europe","England & Wales","EAW","'<1",0,0,2020-06-30,323800,307514,631314
"Europe","England & Wales","EAW","'1-4",1,4,2020-06-30,1420962,1348512,2769474
"Europe","England & Wales","EAW","'5-9",5,9,2020-06-30,1907792,1813844,3721636
"Europe","England & Wales","EAW","'10-14",10,14,2020-06-30,1856493,1763523,3620016
"Europe","England & Wales","EAW","'15-19",15,19,2020-06-30,1691357,1598335,3289692
"Europe","England & Wales","EAW","'20-24",20,24,2020-06-30,1900156,1778923,3679079
"Europe","England & Wales","EAW","'25-29",25,29,2020-06-30,2031293,1948314,3979607
"Europe","England & Wales","EAW","'30-34",30,34,2020-06-30,2014991,2006333,4021324
"Europe","England & Wales","EAW","'35-39",35,39,2020-06-30,1944698,1979384,3924082
"Europe","England & Wales","EAW","'40-44",40,44,2020-06-30,1815558,1833675,3649233
"Europe","England & Wales","EAW","'45-49",45,49,2020-06-30,1897177,1933927,3831104
"Europe","England & Wales","EAW","'50-54",50,54,2020-06-30,2016756,2075565,4092321
"Europe","England & Wales","EAW","'55-59",55,59,2020-06-30,1960674,2023330,3984004
"Europe","England & Wales","EAW","'60-64",60,64,2020-06-30,1664404,1729825,3394229
"Europe","England & Wales","EAW","'65-69",65,69,2020-06-30,1435028,1529227,2964255
"Europe","England & Wales","EAW","'70-74",70,74,2020-06-30,1431914,1564100,2996014
"Europe","England & Wales","EAW","'75-79",75,79,2020-06-30,995560,1145455,2141015
"Europe","England & Wales","EAW","'80-84",80,84,2020-06-30,680302,859453,1539755
"Europe","England & Wales","EAW","'85-89",85,89,2020-06-30,377965,561778,939743
"Europe","England & Wales","EAW","'90+",90,NA,2020-06-30,179462,372365,551827
"Europe","England & Wales","EAW","'Total",NA,NA,2020-06-30,29546342,30173382,59719724
"Asia","Japan","JPN","'0-9",0,9,2019-10-01,5049642,4809873,9859515
"Asia","Japan","JPN","'10-19",10,19,2019-10-01,5725276,5445768,11171044
"Asia","Japan","JPN","'20-29",20,29,2019-10-01,6514479,6113485,12627964
"Asia","Japan","JPN","'30-39",30,39,2019-10-01,7274813,7028229,14303042
"Asia","Japan","JPN","'40-49",40,49,2019-10-01,9373569,9146186,18519755
"Asia","Japan","JPN","'50-59",50,59,2019-10-01,8160860,8116993,16277853
"Asia","Japan","JPN","'60-69",60,69,2019-10-01,7929684,8301898,16231582
"Asia","Japan","JPN","'70-79",70,79,2019-10-01,7333357,8593569,15926926
"Asia","Japan","JPN","'80-89",80,89,2019-10-01,3472000,5467954,8939954
"Asia","Japan","JPN","'90+",90,NA,2019-10-01,577652,1731661,2309313
"Asia","Japan","JPN","'Total",NA,NA,2019-10-01,61411332,64755616,126166948
"Asia","Japan","JPN","'0-9",0,9,2020-10-01,4944458,4711077,9655535
"Asia","Japan","JPN","'10-19",10,19,2020-10-01,5683196,5399177,11082373
"Asia","Japan","JPN","'20-29",20,29,2020-10-01,6513143,6190967,12704110
"Asia","Japan","JPN","'30-39",30,39,2020-10-01,7237202,6974946,14212148
"Asia","Japan","JPN","'40-49",40,49,2020-10-01,9292571,9052127,18344698
"Asia","Japan","JPN","'50-59",50,59,2020-10-01,8361301,8316910,16678211
"Asia","Japan","JPN","'60-69",60,69,2020-10-01,7676084,8002582,15678666
"Asia","Japan","JPN","'70-79",70,79,2020-10-01,7483106,8770069,16253175
"Asia","Japan","JPN","'80-89",80,89,2020-10-01,3556128,5589717,9145845
"Asia","Japan","JPN","'90+",90,NA,2020-10-01,602392,1788946,2391338
"Asia","Japan","JPN","'Total",NA,NA,2020-10-01,61349581,64796518,126146099
"Asia","Japan","JPN","'0-9",0,9,2021-10-01,4826351,4600792,9427143
"Asia","Japan","JPN","'10-19",10,19,2021-10-01,5610540,5326302,10936842
"Asia","Japan","JPN","'20-29",20,29,2021-10-01,6480787,6161576,12642363
"Asia","Japan","JPN","'30-39",30,39,2021-10-01,7087127,6822369,13909496
"Asia","Japan","JPN","'40-49",40,49,2021-10-01,9071162,8833207,17904369
"Asia","Japan","JPN","'50-59",50,59,2021-10-01,8566465,8509981,17076446
"Asia","Japan","JPN","'60-69",60,69,2021-10-01,7478079,7782324,15260403
"Asia","Japan","JPN","'70-79",70,79,2021-10-01,7555827,8828023,16383850
"Asia","Japan","JPN","'80-89",80,89,2021-10-01,3697701,5737198,9434899
"Asia","Japan","JPN","'90+",90,NA,2021-10-01,645020,1881459,2526479
"Asia","Japan","JPN","'Total",NA,NA,2021-10-01,61019059,64483231,125502290
